{"cameraMode":{"drawMode":0,"name":"Shaded","section":"Shading Mode"},"sceneLighting":true,"audioPlay":false,"sceneViewState":{"m_AlwaysRefresh":false,"showFog":true,"showSkybox":true,"showFlares":true,"showImageEffects":true,"showParticleSystems":true,"showVisualEffectGraphs":true,"m_FxEnabled":true},"in2DMode":false,"pivot":{"x":1.0280934572219849,"y":1.2493202686309815,"z":0.14679789543151856},"rotation":{"x":-0.1110784113407135,"y":-0.003879375522956252,"z":0.00043374949018470943,"w":-0.9937989711761475},"size":2.166254758834839,"orthographic":true}